StudentID,Database,AI,Psychology,Calculus,Computer,Mobile App,Semester
1,93,97,81,63,80,87,7
2,96,100,86,90,88,90,4
3,95,96,97,65,77,94,5
4,88,80,74,89,63,86,7
5,65,65,77,80,74,76,3
6,67,78,100,72,80,84,8
7,97,73,96,88,76,64,5
8,82,63,95,84,70,85,5
9,94,85,68,81,74,72,7
10,88,71,69,67,71,73,2
11,97,94,60,71,81,66,3
12,100,65,61,87,64,61,7
13,69,67,59,89,65,73,3
14,86,100,94,57,90,63,3
15,86,92,90,92,95,87,8
16,78,64,50,79,74,84,5
17,93,91,64,80,89,72,4
18,85,79,83,93,76,77,8
19,92,99,87,97,87,86,8
20,98,75,65,66,72,100,3
21,72,98,90,73,97,72,6
22,78,94,55,83,88,88,5
23,68,72,72,71,54,90,2
24,81,55,76,56,80,79,8
25,90,88,91,95,88,93,4
26,87,81,86,93,90,99,6
27,80,94,77,63,90,90,6
28,93,79,75,81,96,85,2
29,99,71,65,76,77,83,8
30,61,97,100,30,74,73,4
31,87,100,69,88,85,72,5
32,92,74,68,82,85,72,1
33,98,89,96,85,62,62,4
34,84,78,84,78,77,68,2
35,91,80,93,86,69,62,6
36,78,98,70,80,66,65,5
37,87,71,94,89,91,96,4
38,85,89,100,81,91,88,1
39,64,88,64,94,82,78,1
40,66,87,60,60,83,95,3
41,64,90,97,79,81,81,3
42,66,50,55,88,56,86,7
43,92,77,94,87,98,63,2
44,85,96,99,91,68,66,8
45,79,57,99,53,95,83,4
46,50,58,53,84,53,96,4
47,93,68,85,100,91,87,8
48,74,70,98,97,65,65,7
49,86,80,78,64,68,100,6
50,90,93,89,30,83,74,6
51,96,65,72,89,87,94,7
52,73,70,81,85,86,61,6
53,61,81,70,82,51,70,3
54,86,61,96,89,98,68,4
55,92,68,100,60,77,83,7
56,84,88,60,76,71,99,4
57,79,86,72,87,81,62,8
58,73,97,78,67,78,99,1
59,64,96,89,91,95,77,3
60,90,79,99,85,96,98,5
61,88,71,81,78,83,76,3
62,61,99,86,99,88,73,7
63,53,64,65,52,96,62,5
64,65,88,97,67,95,69,1
65,99,70,73,63,80,78,7
66,77,74,54,76,96,88,2
67,66,69,86,100,71,80,4
68,73,76,64,72,97,91,1
69,85,60,70,81,71,88,4
70,96,69,81,91,87,83,6
71,93,81,66,86,88,70,2
72,93,83,87,93,97,73,2
73,69,64,70,59,78,80,1
74,66,87,54,99,58,68,2
75,64,68,100,73,81,87,5
76,96,92,90,100,98,77,2
77,60,90,63,89,99,80,4
78,80,93,91,74,93,65,4
79,80,63,94,68,77,64,7
80,89,68,79,93,75,92,4
81,94,92,67,62,58,65,7
82,83,85,67,91,61,67,4
83,61,63,80,95,92,75,5
84,99,100,65,88,93,72,8
85,70,71,67,65,73,87,7
86,69,80,71,70,77,66,3
87,71,72,76,92,67,90,6
88,83,89,95,81,63,70,1
89,68,87,96,69,89,100,4
90,60,80,75,62,85,73,2
91,95,73,78,32,65,68,8
92,95,63,82,62,98,93,4
93,73,77,73,87,98,83,2
94,79,76,92,84,67,86,6
95,73,96,79,64,93,85,6
96,89,85,98,81,64,94,6
97,84,93,76,76,69,91,2
98,93,98,89,79,72,88,4
99,85,61,93,96,83,86,6
100,94,69,89,99,93,98,5
101,98,91,73,79,60,77,7
102,100,61,80,81,98,65,2
103,64,74,87,73,90,99,2
104,63,94,80,64,70,79,4
105,100,91,60,87,78,99,2
106,62,89,97,62,95,77,2
107,97,89,80,94,95,84,6
108,83,81,81,81,77,86,4
109,72,61,93,61,87,95,6
110,82,60,69,64,77,82,7
111,89,83,89,89,90,64,8
112,85,57,54,50,54,76,7
113,94,76,85,57,93,86,8
114,65,97,75,61,76,81,6
115,91,75,65,64,94,100,7
116,69,65,66,72,84,77,4
117,50,55,71,54,97,95,1
118,64,70,96,74,63,75,6
119,94,65,73,60,63,93,8
120,67,74,93,55,60,64,5
121,83,80,90,76,90,91,8
122,91,99,92,97,88,75,5
123,94,89,94,85,86,85,2
124,96,91,100,91,96,89,7
125,82,89,62,81,72,71,5
126,98,69,95,60,89,71,8
127,86,87,67,87,68,78,2
128,80,83,67,86,77,75,1
129,80,70,70,96,69,86,4
130,64,90,97,87,68,69,4
131,90,85,73,63,84,87,4
132,66,63,82,67,92,69,5
133,69,80,63,99,69,79,1
134,53,56,52,85,93,78,5
135,87,96,62,85,90,74,7
136,84,75,83,83,85,86,5
137,60,78,65,81,96,76,1
138,76,67,97,61,90,95,1
139,98,96,94,68,82,81,7
140,82,80,71,97,93,78,1
141,87,81,69,77,67,93,8
142,77,89,85,98,63,100,1
143,79,96,99,60,97,100,4
144,76,99,68,80,80,75,8
145,81,61,79,86,72,88,8
146,68,94,72,100,98,92,7
147,51,93,97,68,58,78,3
148,65,79,90,96,87,74,3
149,82,99,91,94,75,74,1
150,72,65,72,82,71,93,8
151,79,73,92,73,61,60,3
152,97,56,57,50,98,83,3
153,84,72,100,84,90,82,1
154,82,70,67,65,68,81,3
155,85,84,73,73,81,98,5
156,88,74,71,80,92,65,2
157,85,90,99,76,64,95,7
158,62,66,54,58,69,96,2
159,97,61,64,62,72,65,1
160,96,82,66,65,76,79,4
161,77,61,64,76,72,87,7
162,92,88,66,65,76,72,1
163,99,79,88,93,97,91,8
164,100,96,100,95,97,93,4
165,96,60,72,90,80,88,2
166,99,98,81,77,80,73,1
167,71,65,76,64,81,61,8
168,67,68,94,69,92,76,7
169,66,96,96,71,97,66,7
170,67,97,62,73,84,99,6
171,76,99,98,65,98,71,8
172,65,85,87,74,64,81,5
173,89,76,66,68,83,79,3
174,75,68,96,77,97,81,4
175,80,83,100,57,81,81,8
176,89,75,100,84,78,90,6
177,95,75,92,95,90,83,3
178,77,88,94,85,91,61,3
179,94,94,99,95,98,89,1
180,89,73,73,97,66,79,3
181,86,87,69,72,80,93,5
182,75,70,99,100,86,62,7
183,75,96,90,91,93,85,6
184,75,86,79,91,88,77,3
185,85,77,84,81,69,95,1
186,69,70,78,100,88,85,5
187,64,99,99,65,84,80,2
188,86,97,62,54,76,76,7
189,91,96,77,100,89,67,7
190,98,95,79,89,99,87,6
191,93,83,82,92,90,60,7
192,79,80,66,88,61,85,3
193,85,74,90,96,71,80,1
194,82,100,94,68,66,69,7
195,93,80,64,82,70,94,7
196,61,68,73,65,85,67,2
197,62,87,69,84,83,64,2
198,83,70,90,83,91,67,4
199,94,96,72,91,61,94,5
200,65,88,88,60,81,78,3
201,100,81,81,60,79,96,7
202,91,91,73,93,80,100,8
203,84,80,62,37,80,71,7
204,60,92,87,46,67,96,1
205,90,81,95,82,86,98,4
206,81,67,78,90,95,79,5
207,68,94,86,97,77,92,8
208,77,74,73,62,68,99,4
209,70,71,83,86,95,76,6
210,99,78,80,60,84,86,5
211,90,100,88,94,87,96,7
212,86,73,73,84,60,71,7
213,60,97,58,93,89,68,5
214,80,82,71,95,64,64,7
215,92,74,62,73,98,91,3
216,82,79,90,94,83,78,5
217,93,90,71,90,76,97,4
218,65,80,88,76,94,97,5
219,94,72,71,96,70,63,8
220,72,76,88,68,92,72,7
221,94,88,76,75,66,84,3
222,79,95,87,84,90,74,3
223,75,68,61,66,90,99,6
224,96,69,72,78,93,72,4
225,74,71,55,66,50,99,2
226,57,72,78,71,96,87,2
227,88,65,76,97,83,85,5
228,72,69,78,77,91,96,6
229,61,98,95,89,85,80,1
230,65,86,64,67,94,68,5
231,98,94,91,100,87,89,6
232,87,61,88,86,92,94,4
233,79,88,92,92,99,85,4
234,92,84,88,90,90,71,4
235,88,95,67,82,75,84,4
236,81,56,89,72,74,94,4
237,95,81,82,85,84,73,6
238,86,94,80,63,72,75,6
239,77,95,74,81,76,91,3
240,99,64,72,70,93,67,8
241,91,76,81,100,92,87,2
242,85,64,62,63,61,85,7
243,84,87,95,78,82,86,4
244,61,71,78,94,92,65,1
245,97,96,62,74,68,69,7
246,92,78,64,30,78,88,6
247,94,66,91,78,71,93,1
248,68,96,81,99,92,79,1
249,95,72,84,62,80,83,1
250,94,99,88,92,87,97,3
251,87,66,100,85,96,87,6
252,88,73,63,83,74,94,1
253,80,65,80,91,67,84,4
254,80,92,72,41,90,78,5
255,92,86,85,99,86,93,1
256,89,97,87,93,87,100,3
257,92,62,95,73,75,93,7
258,87,97,56,62,74,61,6
259,73,51,71,80,84,65,8
260,82,65,65,76,95,62,3
261,92,96,91,90,96,90,1
262,65,95,93,76,88,88,6
263,63,72,68,81,67,67,5
264,77,76,96,80,97,80,1
265,80,77,66,60,88,74,3
266,81,97,94,79,86,63,2
267,74,96,86,80,99,76,4
268,87,96,68,91,68,65,8
269,100,71,64,84,92,99,7
270,80,75,68,80,81,60,3
271,98,95,71,94,71,77,6
272,58,66,64,87,62,68,8
273,73,95,70,100,70,94,8
274,67,79,91,58,52,75,8
275,82,74,89,67,92,82,1
276,90,66,92,73,68,70,4
277,61,91,73,84,92,94,1
278,96,74,81,75,80,98,6
279,96,60,98,90,79,72,1
280,87,71,60,91,84,98,2
281,76,93,88,69,75,97,4
282,96,100,95,89,64,91,4
283,83,76,94,77,81,92,6
284,75,92,85,76,95,85,7
285,94,63,77,69,88,100,2
286,94,84,96,91,67,68,3
287,60,100,97,83,88,94,1
288,76,60,95,61,98,77,5
289,84,67,64,78,51,62,1
290,60,94,70,87,90,86,8
291,61,61,93,74,94,64,1
292,97,67,67,75,94,93,3
293,84,87,88,36,96,86,1
294,93,99,82,66,93,86,2
295,67,100,92,70,94,81,2
296,68,90,89,68,99,74,4
297,78,68,69,70,80,73,6
298,97,60,74,65,90,97,7
299,94,77,92,84,63,64,5
300,81,85,60,87,90,76,8
301,70,72,82,78,60,81,1
302,97,82,62,74,98,95,1
303,99,71,81,67,74,89,3
304,66,65,69,90,76,60,6
305,76,63,55,70,61,60,2
306,61,91,60,62,78,91,5
307,88,70,70,62,70,75,4
308,100,87,96,100,90,89,2
309,90,96,87,61,61,76,8
310,74,97,64,95,77,88,6
311,54,62,55,75,79,96,8
312,89,88,90,93,87,70,7
313,96,85,98,81,69,90,4
314,98,99,85,92,70,96,7
315,87,90,87,91,91,99,3
316,74,76,93,79,65,74,8
317,92,88,60,90,68,100,3
318,87,80,99,89,78,87,1
319,51,96,88,77,71,61,7
320,62,76,84,89,83,93,6
321,71,64,75,97,89,88,8
322,99,100,83,94,91,69,5
323,81,83,76,81,70,65,4
324,95,78,81,79,65,86,2
325,85,73,69,79,93,74,6
326,81,79,92,74,85,86,6
327,96,69,91,70,99,70,3
328,62,98,77,76,99,82,7
329,60,68,88,66,82,60,8
330,62,87,91,80,65,94,8
331,86,66,65,88,85,60,1
332,78,61,72,78,88,74,1
333,86,60,100,80,78,96,4
334,78,85,99,98,86,73,3
335,50,62,99,97,60,84,6
336,78,65,95,74,69,63,8
337,88,82,81,97,83,74,5
338,95,63,89,67,92,75,3
339,78,66,70,69,62,100,4
340,95,66,98,84,83,100,4
341,94,82,75,71,90,75,3
342,96,97,83,72,77,61,4
343,61,72,95,71,83,96,3
344,96,93,72,93,79,64,2
345,69,60,69,90,88,95,3
346,76,95,52,54,59,85,7
347,65,76,74,100,95,68,3
348,68,99,90,74,82,86,4
349,95,87,81,86,91,80,8
350,94,67,88,62,66,96,7
351,64,60,64,75,92,61,4
352,91,76,76,89,60,85,1
353,98,83,98,77,93,83,1
354,90,94,64,68,97,61,8
355,96,60,91,91,73,88,8
356,58,100,58,60,52,82,7
357,66,100,77,88,77,62,2
358,99,74,81,74,82,67,8
359,97,83,94,84,77,79,1
360,96,77,76,99,64,83,3
361,88,82,87,95,70,87,4
362,81,100,86,66,98,97,1
363,71,65,79,99,91,98,1
364,95,83,76,84,96,61,2
365,92,76,92,49,93,75,7
366,67,74,64,65,94,96,7
367,70,67,73,96,86,89,6
368,89,97,70,60,79,79,2
369,78,77,53,59,95,80,3
370,79,99,61,66,60,76,7
371,87,63,96,69,69,81,4
372,87,74,55,73,77,61,8
373,54,94,95,99,58,94,2
374,73,78,65,77,97,96,8
375,81,63,72,69,73,80,1
376,65,91,87,71,90,90,4
377,94,62,94,68,79,68,4
378,94,78,69,76,63,71,1
379,96,89,89,60,99,93,2
380,92,100,79,93,63,98,1
381,85,65,83,76,94,60,8
382,77,91,83,84,74,62,6
383,89,74,79,79,74,61,4
384,75,65,61,90,92,80,5
385,69,67,69,70,78,66,5
386,97,77,94,63,98,98,8
387,93,85,87,98,85,95,3
388,100,93,98,100,77,76,7
389,70,84,51,66,64,88,1
390,68,71,96,86,94,89,1
391,89,89,88,98,89,96,3
392,60,82,67,77,72,72,3
393,80,88,81,78,94,85,8
394,67,61,65,76,58,84,8
395,97,60,86,66,74,96,3
396,68,85,97,86,85,73,4
397,97,100,65,56,73,95,8
398,88,61,97,80,80,84,6
399,89,64,68,79,66,66,8
400,91,63,87,95,88,62,1
401,90,100,86,96,77,60,8
402,63,91,92,89,92,76,4
403,87,72,72,68,85,78,3
404,92,92,79,67,68,72,1
405,68,91,61,60,86,62,8
406,71,95,70,79,77,68,4
407,76,71,82,70,89,76,6
408,69,67,63,69,92,77,8
409,75,74,77,80,94,74,4
410,87,97,84,94,87,85,6
411,98,89,76,93,85,75,3
412,96,71,66,87,89,61,8
413,99,100,93,97,92,90,6
414,74,87,82,36,61,88,1
415,56,71,76,66,54,91,3
416,68,63,89,81,92,97,1
417,93,85,78,48,68,75,5
418,53,75,56,98,92,73,2
419,95,94,99,92,90,77,8
420,100,91,97,95,90,95,6
421,84,100,69,69,77,87,2
422,75,60,62,82,91,96,2
423,97,78,79,31,99,84,6
424,80,64,96,91,68,71,3
425,90,73,79,76,68,95,8
426,100,95,68,95,88,83,5
427,81,92,69,65,89,69,1
428,66,75,84,93,84,69,4
429,67,74,93,81,87,76,1
430,83,94,99,93,95,93,4
431,79,76,89,86,61,81,1
432,74,61,96,87,94,60,6
433,86,51,55,54,94,61,5
434,71,68,87,66,67,99,8
435,89,91,83,94,93,69,4
436,93,81,90,88,90,74,8
437,67,97,87,62,60,79,8
438,88,75,86,60,50,79,8
439,100,99,60,98,75,94,7
440,91,65,63,69,94,98,3
441,68,64,95,97,99,60,1
442,74,75,74,99,99,85,8
443,65,67,70,93,81,63,1
444,98,76,87,65,94,67,8
445,90,78,69,39,95,82,4
446,95,59,90,91,77,99,3
447,52,56,64,63,82,83,3
448,77,73,61,79,65,89,6
449,73,89,96,93,87,96,7
450,81,90,82,76,97,86,6
451,63,83,87,64,85,72,6
452,68,93,67,98,75,88,6
453,87,85,98,96,77,96,6
454,90,75,94,92,86,87,6
455,84,96,78,92,99,97,5
456,80,72,76,100,69,71,3
457,82,89,88,72,60,69,6
458,76,67,87,68,89,77,8
459,79,81,73,82,69,100,3
460,68,81,72,95,90,99,3
461,70,89,76,88,87,62,2
462,86,77,97,83,79,62,5
463,63,79,81,96,96,89,6
464,94,92,71,92,60,78,1
465,88,73,90,50,93,71,4
466,90,67,88,77,83,64,7
467,86,80,95,64,66,97,8
468,80,97,84,87,97,91,1
469,81,85,82,72,90,71,5
470,96,83,85,74,87,74,4
471,94,60,71,63,93,67,5
472,99,98,93,96,79,88,8
473,92,73,68,66,69,87,3
474,90,82,98,86,86,89,4
475,64,94,78,79,92,63,3
476,69,100,90,90,91,90,8
477,93,79,60,72,76,85,1
478,100,84,87,63,62,95,8
479,60,85,84,91,83,84,1
480,71,100,98,71,92,63,4
481,81,87,54,67,74,85,4
482,71,62,77,94,69,72,6
483,67,72,88,83,87,62,5
484,93,98,82,98,60,65,6
485,80,91,83,88,61,61,5
486,65,61,96,78,77,95,6
487,94,91,89,95,70,75,3
488,97,53,60,93,78,81,4
489,64,74,93,94,74,76,1
490,50,78,67,73,90,91,5
491,76,75,61,62,79,94,8
492,83,83,63,69,94,80,5
493,97,64,96,76,77,61,1
494,99,86,98,100,86,87,6
495,65,68,98,99,94,79,5
496,62,76,82,64,91,79,7
497,84,80,81,80,84,70,3
498,72,97,93,69,78,87,4
499,84,68,70,71,85,70,1
500,78,90,96,94,76,88,4
501,72,100,99,94,77,84,7
502,81,67,99,87,76,60,5
503,78,95,79,86,89,100,5
504,77,61,99,72,92,70,8
505,85,93,80,68,75,90,7
506,94,83,94,91,65,96,1
507,89,93,95,92,99,88,8
508,62,82,91,76,70,64,3
509,95,61,92,84,81,82,8
510,89,74,94,60,77,77,2
511,67,74,94,84,95,65,1
512,70,96,75,63,82,80,2
513,99,94,96,95,92,95,7
514,72,69,85,63,99,68,6
515,92,69,79,85,71,95,2
516,100,95,88,85,94,93,3
517,78,72,87,91,88,93,8
518,84,98,61,63,66,80,6
519,87,61,92,75,62,94,8
520,91,97,69,89,84,66,2
521,77,63,98,88,64,60,8
522,65,62,55,56,91,81,7
523,100,98,100,83,75,72,6
524,78,82,95,53,59,66,7
525,90,70,87,96,75,93,2
526,77,95,96,63,57,90,7
527,68,79,91,98,71,89,3
528,96,72,55,55,50,64,2
529,93,94,96,91,96,87,2
530,69,72,77,63,84,99,2
531,90,95,76,94,99,94,1
532,66,69,89,100,88,79,8
533,70,81,92,85,55,76,1
534,63,73,87,89,77,66,1
535,74,66,79,92,57,61,3
536,98,64,70,65,78,83,6
537,85,91,69,77,88,75,8
538,76,72,88,92,81,89,7
539,74,61,83,81,72,98,5
540,90,92,96,68,97,73,2
541,53,64,52,89,76,70,7
542,91,95,90,99,95,99,2
543,99,65,95,56,79,98,3
544,63,84,92,79,66,96,2
545,98,90,87,92,88,100,1
546,75,63,87,85,88,75,8
547,54,97,58,58,51,80,5
548,65,99,89,84,84,86,4
549,97,94,99,85,97,97,2
550,93,89,90,64,63,82,7
551,50,88,54,90,91,95,1
552,90,94,100,97,98,98,4
553,84,98,92,98,83,87,5
554,63,73,71,66,90,91,4
555,95,90,92,67,81,66,1
556,98,100,92,94,93,86,8
557,99,69,87,89,93,85,8
558,94,65,62,77,77,95,6
559,79,60,67,69,80,98,8
560,68,75,61,64,76,66,6
561,94,84,64,66,61,72,4
562,73,75,89,99,89,71,3
563,92,73,81,71,71,84,7
564,75,73,83,92,91,71,7
565,91,64,75,67,93,65,4
566,88,100,82,73,96,75,2
567,88,77,97,96,96,74,2
568,82,64,96,82,94,81,8
569,77,72,65,94,88,77,7
570,92,82,100,85,70,69,7
571,90,100,88,71,98,96,6
572,68,51,78,77,72,78,3
573,72,88,92,92,77,84,1
574,70,73,76,81,85,80,2
575,51,72,54,75,60,88,7
576,78,97,91,86,93,77,6
577,76,68,98,86,91,82,5
578,92,96,87,92,90,88,6
579,69,61,70,100,65,81,2
580,89,68,59,79,83,68,2
581,83,99,75,100,91,74,6
582,85,69,91,76,92,94,1
583,74,92,88,72,97,64,4
584,74,65,70,99,74,62,2
585,85,74,89,78,87,82,6
586,78,78,63,80,67,97,7
587,91,65,65,61,88,95,6
588,91,90,89,90,91,99,3
589,85,90,90,96,89,96,4
590,90,95,85,100,96,88,5
591,64,97,80,85,94,60,1
592,84,95,62,71,85,87,8
593,73,85,70,67,91,98,5
594,99,61,95,62,77,99,4
595,93,94,93,81,81,78,4
596,100,94,97,65,62,76,4
597,91,67,63,74,71,88,5
598,95,66,84,99,91,70,7
599,83,93,73,46,91,70,4
600,97,84,91,89,82,75,6
601,98,89,88,75,91,92,5
602,77,62,62,80,88,83,8
603,93,92,91,97,95,99,4
604,85,67,91,98,61,64,6
605,67,60,85,100,63,64,7
606,74,79,89,86,93,95,3
607,74,84,94,77,82,85,7
608,64,75,79,93,82,60,8
609,73,70,61,87,75,100,4
610,88,84,80,84,92,82,8
611,90,69,82,66,93,94,5
612,76,88,84,84,89,87,2
613,92,78,90,67,86,71,4
614,61,67,99,95,98,89,2
615,80,96,70,72,99,65,6
616,98,70,89,79,60,92,3
617,52,98,51,50,90,63,1
618,89,93,85,90,91,88,8
619,90,94,85,91,84,85,7
620,89,90,93,100,86,93,3
621,89,67,55,55,64,70,4
622,67,85,75,64,95,96,2
623,81,67,95,66,71,66,7
624,98,66,88,62,95,90,2
625,68,72,78,77,89,70,5
626,62,95,92,65,89,95,2
627,86,87,78,64,65,64,5
628,60,62,80,43,68,67,6
629,79,95,89,71,61,62,7
630,98,83,66,92,82,91,7
631,84,70,80,65,89,64,1
632,99,100,89,73,86,88,4
633,72,68,89,85,80,75,5
634,99,84,72,60,95,93,1
635,74,67,75,76,82,79,2
636,98,70,62,67,71,70,2
637,95,99,60,87,58,66,1
638,64,88,99,72,87,99,7
639,84,61,84,88,67,92,2
640,89,77,77,84,71,71,8
641,84,93,100,70,56,74,6
642,88,60,77,93,61,96,6
643,86,80,62,47,85,71,8
644,85,89,90,85,80,68,1
645,92,50,74,77,98,100,8
646,72,61,64,75,68,83,5
647,75,80,79,97,94,68,5
648,94,95,89,60,90,90,1
649,92,86,76,93,61,97,8
650,77,84,95,60,90,89,5
651,68,62,85,64,99,66,7
652,94,87,77,44,85,61,8
653,90,80,86,72,99,85,7
654,66,83,85,70,71,80,5
655,94,90,95,86,85,95,6
656,63,87,88,71,93,84,5
657,93,96,84,97,70,95,7
658,62,99,70,63,83,60,3
659,79,78,99,64,87,76,4
660,74,75,89,73,78,61,2
661,79,93,86,68,92,99,8
662,94,70,95,83,86,94,3
663,84,68,75,95,80,88,5
664,100,96,93,97,81,72,6
665,93,88,88,96,85,94,1
666,84,69,82,63,85,69,5
667,86,84,87,66,83,81,6
668,64,95,95,66,67,74,4
669,88,79,100,71,86,89,5
670,98,82,70,100,72,78,7
671,95,68,79,75,70,88,1
672,86,84,96,90,85,91,6
673,53,63,86,50,87,77,6
674,90,96,89,72,90,86,6
675,95,88,93,72,76,71,4
676,76,72,74,62,69,90,5
677,74,61,77,81,96,96,4
678,85,89,88,81,91,98,8
679,53,78,91,55,91,74,2
680,96,73,65,84,92,73,2
681,83,84,88,78,72,79,8
682,100,87,64,88,60,62,5
683,91,62,81,36,79,69,7
684,65,64,68,95,82,87,4
685,72,90,97,95,99,76,1
686,66,83,68,92,81,80,6
687,100,90,87,86,86,90,6
688,87,85,71,100,78,78,5
689,76,64,69,90,78,80,7
690,68,88,61,86,87,66,2
691,99,80,66,71,88,89,2
692,91,85,77,69,91,91,6
693,64,85,75,53,95,81,5
694,82,67,79,64,90,65,4
695,61,61,84,79,62,99,2
696,86,97,99,98,97,93,4
697,94,94,88,100,99,99,7
698,61,87,92,61,94,69,2
699,98,69,74,69,64,96,2
700,87,62,72,69,93,72,3
701,95,82,61,77,87,95,2
702,99,95,100,91,96,96,8
703,78,79,66,79,96,81,1
704,60,66,89,79,81,65,8
705,79,78,69,77,73,77,5
706,87,98,88,96,85,96,5
707,99,65,87,98,79,93,4
708,77,61,75,93,61,75,8
709,79,96,84,76,71,71,8
710,84,74,74,86,81,100,8
711,68,61,91,34,60,63,7
712,97,89,73,88,63,70,2
713,98,95,95,96,97,85,1
714,71,94,99,69,87,84,4
715,83,76,71,99,95,94,8
716,85,90,72,75,94,65,8
717,75,68,89,87,69,96,3
718,66,65,98,78,81,82,4
719,89,90,95,95,98,99,8
720,86,95,67,65,91,76,4
721,99,93,64,89,61,67,2
722,98,90,88,93,95,98,3
723,73,83,63,74,91,83,4
724,63,92,87,93,87,88,1
725,80,75,68,85,82,85,1
726,99,76,99,70,80,90,5
727,84,81,86,92,84,93,3
728,63,86,83,97,88,79,3
729,90,68,83,96,94,87,5
730,89,65,82,85,89,81,4
731,96,87,65,87,95,100,3
732,61,73,81,96,72,86,1
733,68,92,69,86,67,73,1
734,65,74,94,92,81,79,8
735,99,99,87,86,86,85,2
736,100,87,91,87,94,100,3
737,79,87,98,92,80,93,4
738,87,92,94,99,93,88,5
739,96,61,69,72,78,99,5
740,70,94,51,86,65,80,4
741,91,71,73,72,74,76,7
742,93,80,62,96,94,67,6
743,75,65,79,71,75,93,2
744,96,94,79,59,83,64,5
745,90,93,100,94,97,98,3
746,66,65,95,89,84,100,2
747,99,91,68,88,63,61,3
748,86,73,79,53,84,79,7
749,73,98,94,87,97,98,1
750,65,61,67,61,96,65,2
751,75,72,93,84,63,63,8
752,98,92,88,71,66,90,5
753,98,71,67,92,79,99,2
754,88,92,74,77,89,96,2
755,73,97,63,63,61,90,2
756,94,88,67,86,89,98,6
757,94,93,76,79,84,96,2
758,74,89,74,67,93,96,3
759,75,94,69,98,80,74,1
760,64,81,75,66,82,92,7
761,100,93,82,91,61,83,4
762,93,92,79,92,71,87,2
763,84,89,84,52,97,76,5
764,83,99,65,86,75,67,2
765,97,70,98,80,67,82,5
766,66,77,93,72,82,82,3
767,91,83,81,97,83,80,5
768,64,65,72,64,55,79,8
769,99,59,59,75,54,70,4
770,72,77,83,99,84,67,1
771,93,100,51,76,60,99,5
772,71,91,81,79,79,75,5
773,75,96,68,91,72,78,1
774,68,70,81,60,65,71,4
775,94,83,100,62,92,71,2
776,65,65,72,65,67,97,5
777,69,60,64,92,76,74,1
778,96,96,84,79,80,81,8
779,80,71,79,67,76,63,8
780,100,95,96,100,94,95,3
781,95,83,69,90,93,89,1
782,75,63,80,71,86,63,3
783,61,85,61,64,76,88,8
784,72,60,65,94,63,75,4
785,91,95,90,87,92,96,2
786,68,93,92,69,78,89,1
787,86,97,84,90,83,92,7
788,73,57,58,67,88,70,8
789,78,93,63,76,76,90,8
790,94,91,100,85,91,88,7
791,99,92,88,98,85,95,6
792,98,65,72,61,87,89,8
793,82,89,86,81,61,83,5
794,62,80,67,61,61,82,4
795,96,97,87,83,93,88,1
796,78,94,91,81,88,86,7
797,99,100,99,98,96,94,5
798,85,92,88,96,81,95,7
799,100,68,85,65,97,94,1
800,72,99,68,83,53,83,3
801,77,85,100,73,95,86,1
802,99,77,63,82,88,72,6
803,60,77,75,71,70,88,1
804,96,62,75,81,91,84,1
805,86,62,94,73,90,75,6
806,62,62,85,89,65,67,4
807,71,93,84,65,98,61,8
808,70,73,98,63,62,88,1
809,72,98,97,86,86,63,6
810,100,95,96,90,95,88,5
811,99,85,76,98,62,97,3
812,76,95,71,99,85,71,3
813,62,85,88,82,94,73,1
814,53,75,69,86,95,61,4
815,97,90,62,93,75,80,4
816,90,83,84,84,61,99,5
817,71,85,67,68,88,67,1
818,92,85,99,62,69,67,3
819,94,76,74,97,86,85,4
820,60,50,71,85,69,62,1
821,90,94,82,99,78,65,7
822,68,64,62,71,87,60,4
823,60,70,71,78,72,78,6
824,100,91,88,98,68,81,7
825,99,94,100,84,86,63,8
826,87,90,60,87,86,62,4
827,82,96,65,87,87,63,3
828,93,57,54,99,59,73,2
829,60,73,92,74,86,94,7
830,99,87,77,95,94,85,8
831,66,70,95,75,99,84,5
832,70,58,54,50,95,92,5
833,87,93,97,78,99,86,3
834,85,77,63,82,65,88,4
835,93,70,84,99,66,80,1
836,71,79,91,98,69,75,4
837,67,71,80,75,96,100,3
838,95,60,65,93,69,82,5
839,92,97,77,62,65,92,4
840,71,84,69,96,84,69,5
841,87,90,100,96,86,93,7
842,94,68,87,89,82,76,8
843,91,83,62,97,83,63,1
844,99,67,72,83,78,65,7
845,69,70,81,95,97,62,5
846,50,82,89,71,78,70,5
847,91,95,69,82,85,60,2
848,88,97,74,88,73,66,2
849,81,82,90,100,82,98,7
850,76,87,84,65,80,72,6
851,88,98,66,68,79,77,7
852,83,69,85,82,91,69,2
853,85,64,63,98,97,86,5
854,98,96,66,64,65,91,3
855,72,93,94,44,92,83,7
856,75,62,78,61,55,93,5
857,77,93,63,61,86,83,3
858,96,59,93,84,79,93,3
859,64,68,100,86,89,91,2
860,93,82,99,97,70,79,7
861,78,74,62,72,73,78,4
862,84,84,81,84,66,74,1
863,91,73,66,100,94,67,2
864,63,97,74,64,61,92,2
865,67,63,96,91,96,84,4
866,67,96,84,88,94,86,1
867,66,96,92,76,88,77,5
868,74,71,65,63,59,67,6
869,91,67,69,67,70,71,7
870,100,65,67,67,92,67,6
871,90,84,73,64,75,62,5
872,94,74,67,71,98,74,8
873,90,54,98,77,80,71,2
874,93,64,100,81,78,64,1
875,68,83,86,82,67,69,2
876,87,92,63,81,78,74,3
877,95,73,89,79,98,68,2
878,68,60,53,95,96,99,2
879,92,93,89,97,92,100,5
880,86,91,87,90,75,79,5
881,70,92,96,65,90,84,5
882,68,86,91,81,72,89,6
883,99,82,100,79,95,89,3
884,68,63,75,63,73,79,8
885,89,98,90,100,97,95,8
886,65,77,61,97,90,90,5
887,82,65,92,82,91,67,1
888,63,83,91,75,73,74,6
889,76,51,73,76,50,77,4
890,65,70,81,62,96,75,1
891,91,93,64,86,91,97,7
892,80,66,100,63,69,66,7
893,68,68,74,75,78,95,1
894,98,73,87,74,89,66,5
895,66,72,88,92,52,70,4
896,66,68,96,90,91,99,4
897,71,97,90,81,86,73,6
898,99,95,69,73,79,83,4
899,89,64,92,77,80,66,7
900,51,85,62,74,91,93,3
901,88,82,67,90,74,96,5
902,57,68,58,57,99,95,4
903,84,65,80,91,84,65,6
904,82,61,95,70,88,92,7
905,64,85,56,91,78,97,3
906,98,93,74,63,70,67,2
907,52,52,54,65,54,69,2
908,71,98,83,93,95,99,3
909,73,96,84,97,85,63,7
910,88,95,91,98,99,71,6
911,66,93,77,99,78,91,3
912,69,75,93,88,81,89,5
913,79,84,61,73,95,85,5
914,83,88,68,69,79,74,2
915,58,89,83,87,78,86,4
916,66,94,85,62,86,92,6
917,95,97,74,87,78,68,2
918,60,84,70,87,87,64,4
919,71,97,81,96,72,63,4
920,65,62,92,76,84,100,8
921,87,63,62,77,71,68,5
922,98,96,85,98,96,93,7
923,96,97,72,71,60,61,1
924,85,78,73,61,74,96,7
925,67,88,60,99,56,92,1
926,82,82,64,72,96,100,3
927,51,72,98,90,59,73,5
928,90,68,94,61,77,92,4
929,78,63,90,68,63,72,6
930,74,74,97,82,75,69,1
931,74,78,70,94,75,96,7
932,82,72,86,79,93,94,4
933,73,81,95,81,62,81,1
934,86,91,77,76,78,62,1
935,65,68,67,63,97,63,8
936,98,77,60,72,74,63,1
937,92,67,74,85,63,87,6
938,88,92,90,75,98,91,5
939,87,74,72,100,84,85,6
940,79,82,74,71,87,67,2
941,71,70,97,73,81,85,4
942,76,67,75,60,77,100,5
943,84,93,76,64,86,95,8
944,74,73,73,81,87,84,5
945,100,88,61,73,84,100,5
946,96,88,58,99,98,71,7
947,76,73,88,67,88,76,5
948,60,86,68,90,84,81,8
949,98,52,65,66,94,82,6
950,75,72,81,71,84,87,5
951,85,94,84,95,74,83,3
952,63,61,82,66,84,98,4
953,91,89,89,93,92,95,5
954,93,60,69,98,83,88,4
955,87,67,75,96,86,85,3
956,92,67,65,78,66,98,3
957,84,92,68,96,88,60,4
958,76,74,92,65,96,87,1
959,95,81,77,83,73,76,2
960,89,78,98,74,93,65,7
961,62,76,68,72,94,89,1
962,75,66,85,73,88,85,1
963,94,63,84,62,72,68,6
964,96,100,91,95,93,86,7
965,74,90,67,75,95,83,7
966,80,80,82,33,93,78,1
967,97,96,65,80,80,78,5
968,100,96,89,96,85,92,6
969,99,88,78,69,98,60,6
970,87,93,97,94,90,88,3
971,99,65,98,95,76,68,8
972,97,86,68,90,78,80,7
973,61,66,89,72,90,61,1
974,77,93,56,95,50,74,3
975,60,89,95,77,89,67,4
976,60,60,74,78,94,69,2
977,100,76,64,99,77,86,8
978,90,88,87,87,97,100,8
979,80,88,95,83,62,65,8
980,77,81,66,99,99,83,6
981,57,79,67,87,89,89,4
982,84,96,62,69,98,64,8
983,96,61,85,97,79,70,4
984,98,86,67,86,83,89,5
985,81,71,85,62,62,82,8
986,97,97,94,100,88,99,2
987,96,84,64,86,96,92,4
988,54,59,97,82,76,72,4
989,87,84,87,95,84,65,2
990,76,76,100,84,79,84,8
991,87,70,68,77,76,89,2
992,72,91,92,67,71,88,4
993,86,69,99,68,98,62,2
994,95,85,90,98,91,96,4
995,83,63,71,80,79,83,4
996,95,67,87,98,93,89,5
997,72,98,79,87,76,76,1
998,72,80,64,98,83,85,4
999,70,74,87,73,74,81,8
